position,keywords
Software Engineer,"develop,design,code,program,debug,problem solving,React"
Web Developer,"develop,design,web,code,program"
Data Scientist,"research,analyze,data,statistical,experiment"
UX/UI Designer,"design,prototyping,usability,sketch,interface"
Product Manager,"strategy,roadmap,launch,market,analyze"
Network Engineer,"configure,administer,install,monitor,network"
Digital Marketing Specialist,"SEO,SEM,social media,analytics,campaign"
Financial Analyst,"analyze,forecast,budget,report,audit"
Human Resources Manager,"recruit,employee relations,compliance,training,benefits"
Content Writer,"write,edit,proofread"
Sales Representative,"prospect,negotiate,pitch,close,client"
IT Support Specialist,"troubleshoot,resolve,install,configure,maintain"
Data Analyst,"analyze,interpret,report,statistics,query"
Systems Administrator,"administer,monitor,deploy,upgrade,configure"
Customer Support Specialist,"assist,troubleshoot,resolve,inquiries,escalation"
Supply Chain Manager,"optimize,coordinate,logistics,inventory,procure"
Quality Assurance Engineer,"test,verify,validate,automate,debug"
DevOps Engineer,"deploy,automate,configure,monitor,orchestrate"
UI/UX Developer,"design,front-end,usability,implement,interact"
Technical Writer,"document,create,edit,review,revise"
Cybersecurity Analyst,"monitor,protect,analyze,secure,detect"
Research Scientist,"conduct,experiment,analyze,observe,discover"
Operations Manager,"optimize,coordinate,efficiency,supervise,process"
Mechanical Engineer,"design,analyze,prototype,manufacture,validate"
Architect,"plan,draw,create,construct"
Healthcare Administrator,"manage,coordinate,regulate,plan,administer"
Business Analyst,"analyze,document,requirements,evaluate,improve"
Electrical Engineer,"design,analyze,implement,test,develop"
UX Researcher,"plan,conduct,analyze,usability,observe"
Project Manager,"plan,execute,coordinate,communicate,monitor"
Legal Counsel,"advise,review,negotiate,legal research,draft"
Data Engineer,"develop,build,maintain,design,implement"
Biomedical Engineer,"design,develop,implement,validate,test"
Social Media Manager,"content,engage,promote,analytics,monitor"
Systems Analyst,"analyze,design,implement,evaluate,modify"
Chemical Engineer,"design,develop,implement,process,analyze"
AI/ML Engineer,"develop,train,implement,analyze,optimize"
Technical Support Engineer,"troubleshoot,resolve,install,configure,assist"
Pharmacist,"dispense,review,monitor,consult,administer"
Interior Designer,"design,space,plan,coordinate,visualize"
Event Planner,"organize,plan,coordinate,execute,manage"
Civil Engineer,"design,analyze,construct,inspect,manage"
Environmental Scientist,"analyze,study,assess,monitor,evaluate"
Digital Analyst,"analyze,interpret,report,web,metrics"
UX/UI Architect,"design,prototype,usability,lead,implement"
Chief Financial Officer,"oversee,manage,financial strategy,report,analyze"
Chief Technology Officer,"lead,innovate,technology strategy,develop,execute"
Chief Marketing Officer,"lead,strategize,execute,analyze,promote"
Chief Executive Officer,"lead,manage,strategize,execute,oversee"
Project Coordinator,"coordinate,manage,schedule,plan,execute"
Business Development Manager,"strategize,generate,partnerships,expand,network"
IT Project Manager,"manage,deploy,coordinate,technology,strategize"
Content Strategist,"develop,create,plan,manage,execute"
Recruitment Specialist,"source,interview,hire,talent,screen"
Financial Controller,"manage,report,forecast,analysis,compliance"
Public Relations Specialist,"communicate,engage,media,press,manage"
Operations Analyst,"analyze,improve,process,efficiency,report"
Research Analyst,"collect,analyze,data,report,investigate"
Clinical Research Coordinator,"manage,coordinate,study,clinical,protocol"
Risk Manager,"assess,mitigate,manage,control,policy"
Learning and Development Specialist,"train,develop,educate,design,program"
Product Designer,"create,innovate,design,prototype,visualize"
Database Administrator,"maintain,manage,secure,optimize,design"
Software Tester,"test,validate,debug,document,execute"
Compliance Officer,"ensure,regulate,policy,compliance,monitor"
Blockchain Developer,"develop,smart contracts,crypto,blockchain,security"
Cloud Engineer,"deploy,manage,cloud,architecture,services"
Full Stack Developer,"develop,front-end,back-end,code,API"
Site Reliability Engineer,"monitor,automate,scale,performance,uptime"
Game Developer,"design,code,gameplay,graphics,engine"
Machine Learning Engineer,"train,model,algorithm,optimization,AI"
Database Administrator,"manage,design,performance,tuning,backup"
Security Engineer,"protect,threat,analyze,cryptography,firewall"
Systems Architect,"design,architecture,integration,scalability,solutions"
Embedded Systems Engineer,"design,develop,hardware,software,embedded"
IT Consultant,"advise,implement,technology,strategy,solutions"
Network Security Engineer,"secure,firewall,network,monitor,analyze"
Business Intelligence Developer,"analyze,data,visualize,report,BI"
Data Engineer,"develop,build,maintain,data,ETL"
Application Support Analyst,"support, troubleshoot, configure, resolve, application"
AI Research Scientist,"research,develop,AI,algorithm,model"
Automation Engineer,"automate,test,process,implement,robotics"
Web Security Analyst,"analyze,vulnerabilities,secure,monitor,web"
Technical Project Manager,"manage,plan,coordinate,execute,technology"
Software Architect,"design,architecture,software,system,framework"
DevOps Architect,"design,architecture,automate,cloud,CI/CD"
Mobile Application Developer,"develop,design,iOS,Android,UI/UX"
Cloud Solutions Architect,"design,cloud,architecture,deploy,manage"
Penetration Tester,"penetrate,security,analyze,vulnerabilities,exploit"
Data Architect,"design,architecture,model,manage,databases"
AI Product Manager,"strategy,AI,launch,roadmap,analyze"
Blockchain Architect,"design,blockchain,architecture,cryptography,security"
Robotics Engineer,"design,develop,program,mechanical,robotics"
Computer Vision Engineer,"analyze,develop,vision,AI,algorithms"
Data Governance Specialist,"manage,policy,compliance,data,security"
Information Security Analyst,"monitor,secure,analyze,threats,firewall"
Quantum Computing Engineer,"develop,quantum,algorithms,physics,computation"
Big Data Engineer,"develop,build,analyze,distributed,process"
Augmented Reality Developer,"design,develop,AR,interaction,graphics"
Natural Language Processing Engineer,"develop,train,NLP,language,AI"
Cybersecurity Engineer,"design,protect,secure,cyber,threat"
Automation Test Engineer,"automate,test,implement,process,QA"
Software Release Manager,"manage,release,deploy,CI/CD,coordinate"
Game Designer,"design,create,gameplay,story,mechanics"
3D Modeler,"design,create,3D,model,graphics"
Digital Transformation Specialist,"transform,innovate,digital,process,technology"
IoT Developer,"develop,program,IoT,connect,device"
Edge Computing Engineer,"develop,compute,edge,network,cloud"
Cryptography Engineer,"encrypt,secure,develop,cryptography,protocol"
Systems Integration Engineer,"integrate,develop,design,systems,solutions"